Network Indicator,First Seen,Last Seen
14.43.108[.]22,"Aug 27, 2021","Dec 31, 2021"
59.10.140[.]47,"Jan 13, 2022","Feb 2, 2022"
59.127.10[.]132,"Feb 12, 2022","Mar 15, 2022"
61.74.255[.]16,"Feb 25, 2022","Mar 15, 2022"
122.116.165[.]62,"Feb 23, 2022","Mar 15, 2022"
112.171.218[.]39,"Jan 12, 2022","Feb 13, 2022"
114.34.10[.]80,"Feb 17, 2022","Mar 15, 2022"
114.35.16[.]182,"Mar 1, 2022","Mar 20, 2022"
114.35.191[.]224,"Jan 12, 2022","Feb 22, 2022"
119.200.211[.]197,"Feb 8, 2022","Mar 3, 2022"
121.128.198[.]233,"Feb 17, 2022","Mar 13, 2022"
121.151.212[.]101,"Oct 18, 2021","Dec 23, 2021"
122.116.234[.]73,"Dec 23, 2021","Mar 13, 2022"
124.216.159[.]70,"Feb 23, 2022","Mar 21, 2022"
175.200.146[.]227,"Dec 29, 2021","Feb 17, 2021"
175.208.234[.]194,"Feb 18, 2022","Feb 21, 2022"
175.214.193[.]170,"Feb 12, 2022","Mar 21, 2022"
182.220.237[.]217,"Feb 17, 2022","Mar 22, 2022"
210.123.140[.]200,"Sep 15, 2021","Mar 2, 2022"
211.184.160[.]108,"Feb 28, 2022","Mar 22, 2022"
220.132.106[.]193,"Feb 17, 2022","Mar 15, 2022"
220.133.141[.]117,"Feb 17, 2022","Mar 15, 2022"
Shared SSL Certificate (SHA1 Fingerprint): 0f6afc6e4e383883a6308fcf8d84b14a5bf4ccaf,,